지점,지점명,일시,평균기온(°C),평균최고기온(°C),평균최저기온(°C),최고기온(°C),최저기온(°C),평균상대습도(%),월합강수량(00~24h만)(mm),일최다강수량(mm),1시간최다강수량(mm),평균풍속(m/s),최대풍속(m/s),최다풍향(16방위),합계 일조시간(hr),일조율(%),합계 일사량(MJ/m2),평균지면온도(°C)
93,북춘천,Oct-16,14.1,20.9,8.6,29,-1.9,74,112.1,39,20.5,0.9,6,70,185.3,53.29,381.67,15.7
93,북춘천,Nov-16,5.1,11.2,-0.5,19.5,-9.1,71,13.2,5.5,,0.9,5.5,50,147.4,48.44,259.88,6.2
93,북춘천,Dec-16,-0.2,5.3,-5,10.2,-12.1,74,83.1,49,,0.8,6.4,230,142.3,47.8,204.42,0.6
93,북춘천,Jan-17,-3.4,3.3,-9.8,11.6,-17,66,15.9,7.1,,1.1,7.7,50,204.2,66.6,286.3,-1.9
93,북춘천,Feb-17,-1.5,5.4,-8.2,12.2,-15.7,64,11,3.5,,1.2,6.5,50,214.9,71.04,356.79,-0.4
93,북춘천,Mar-17,4.6,12.2,-2.3,19,-8.3,59,17.9,11.5,,1.3,7,230,212.4,57.24,436.28,5.8
93,북춘천,Apr-17,13.2,21,5.6,29.1,-0.8,55,54.1,21,5,1.9,8.7,230,257.3,65.01,560.07,15
93,북춘천,May-17,18.6,26.2,11.3,30.7,6.7,56,25.5,10.5,10.5,1.8,9.4,230,280.1,63.49,645.7,21.8
93,북춘천,Jun-17,22.3,29.6,15.8,35,9.2,59,38.1,14.5,5.5,1.5,7,230,271.2,61.23,656.82,26.7
93,북춘천,Jul-17,26.3,30.7,23,34.9,19.4,78,477.8,146.5,31,1,7.4,230,126.4,28.13,421.28,28.4
93,북춘천,Aug-17,24.4,29.6,20.5,37.5,13.9,76,376.3,89,66.5,1.1,6.4,90,150.3,35.65,438.14,27.2
93,북춘천,Sep-17,19.1,26.5,13,30.5,4.9,74,33.8,17,16.5,1.1,6.2,230,220.3,59.06,480.31,22.6
93,북춘천,Oct-17,13.5,21,7.7,26.9,-3.7,74,42.6,22.5,7,1.1,5.9,360,196.9,56.61,366.06,15.7
93,북춘천,Nov-17,3.2,9.9,-3,18.8,-10.2,67,15.9,6.9,,1.2,8,20,185.3,60.83,267.52,4.6
93,북춘천,Dec-17,-4.3,1.5,-10.3,8.6,-19,67,24.5,10.4,,1.2,7.2,20,183.8,61.72,248.12,-1.3
93,북춘천,Jan-18,-6,0.6,-11.8,8.6,-21.7,60,6.5,3.7,,1.3,8.4,20,203,66.23,297.61,-3.4
93,북춘천,Feb-18,-3.4,3.6,-10.3,10.4,-19.2,53,33,28.5,,1.5,7.5,200,214.2,70.86,345.45,-2.2
93,북춘천,Mar-18,7,13.8,0.2,23.4,-8.2,61,32,11,,1.8,8.8,50,204.3,55.07,434.45,7.5
93,북춘천,Apr-18,12,19.5,4.9,29.2,-3,60,117.2,46.5,8,1.9,8.7,200,218.7,55.3,505.89,14
93,북춘천,May-18,17.2,23.9,10.8,31,2.9,66,200.5,97,26.5,1.7,8.3,200,233.2,52.89,577.58,20.2
93,북춘천,Jun-18,22.6,29.3,16.6,34.5,11.9,63,88.6,57.5,24.5,1.5,8.6,230,252.8,57.08,628.31,28.4
93,북춘천,Jul-18,26.3,31.8,21.7,37.6,13.7,71,189.7,76.5,16.5,1.3,6.7,200,243.9,54.26,520.07,
93,북춘천,Aug-18,26.9,32.9,22.2,40.6,15.8,69,354.6,189.5,45,1.3,10.3,50,223,52.83,464.48,31.7
93,북춘천,Sep-18,19.1,25.7,13.4,29.5,6.5,72,63,28,16,1.1,5.9,70,205.5,55.05,397.14,22.8
93,북춘천,Oct-18,10.3,17.9,4.4,25,-2.5,75,102.6,59.5,9,1.1,8.6,360,200.3,57.54,314.48,12.8
93,북춘천,Nov-18,5.1,12.1,0,19.3,-7.3,75,56.9,44.5,,0.7,6.7,200,148.2,48.61,206.42,6.4
93,북춘천,Dec-18,-3.2,3.4,-8.7,12,-16.9,62,17.3,8,,1,6.4,20,194.9,65.42,216.07,-1.7
93,북춘천,Jan-19,-3.9,4.2,-10.9,8.3,-15.1,56,0.2,0.2,,1,7.7,20,228.9,74.78,251.44,-3.3
93,북춘천,Feb-19,-0.6,5.9,-6.7,13.4,-13.6,59,27.5,17.2,,0.9,5.9,200,201.8,66.82,324.29,0.7
93,북춘천,Mar-19,5,12.3,-1.8,18.3,-7.3,58,30.9,15.5,,1.4,8.4,200,199.4,53.82,431.23,6.3
93,북춘천,Apr-19,10.6,18.3,3.3,28.3,-5.1,57,49.7,16.4,7.6,1.5,7.6,200,205.8,52.09,525.84,13.2
93,북춘천,May-19,18.3,26.6,10,33.3,2.6,55,31.4,16.1,3.4,1.6,8,200,298.6,67.74,742.98,23.2
93,북춘천,Jun-19,21.4,27.8,15.5,33.1,9.9,72,88.7,25.2,15.6,1.2,7.4,200,235,53.06,652.98,26.4
93,북춘천,Jul-19,25,29.9,21,36.2,14.8,78,252.2,85.7,24.3,1.2,5.7,50,140.5,31.24,494.97,28.6
93,북춘천,Aug-19,25.6,31.2,21.2,36.5,16.1,80,186.6,68.6,33.1,1.1,7,200,220.9,52.33,583.7,29.4
93,북춘천,Sep-19,20.7,26.5,16.2,31.6,10.7,80,147.9,54.4,38.8,1.1,12.5,230,138.1,36.94,395.49,23.7
93,북춘천,Oct-19,14,20.7,8.3,29.9,0.2,78,48.4,17.8,4.6,1,6.2,20,189.2,54.34,372.17,16.5
93,북춘천,Nov-19,4.9,11.9,-0.6,20.3,-7.5,76,57.8,29.4,,0.9,7.9,320,167.3,54.83,272.42,6.4
93,북춘천,Dec-19,-0.7,4.3,-5.4,10.5,-13.4,74,10.5,2.7,,0.9,7.7,340,143.2,48.1,217.32,0.4
93,북춘천,Jan-20,-0.7,5.6,-5.8,10.9,-10.6,73,55.9,37.5,,1,5.9,20,187.4,61.24,278.76,0
93,북춘천,Feb-20,0.7,6.9,-5,15.5,-14.8,69,35.3,19.4,,1.2,8.6,200,183.5,58.61,331.85,2.6
93,북춘천,Mar-20,6.1,13.5,-1.5,21,-6.6,57,13.7,7,,1.5,9.6,200,238.5,64.18,509.82,8.7
93,북춘천,Apr-20,9.7,17.4,1.7,24.6,-4.5,52,17,10.2,4.1,1.9,9.5,200,257.6,65,605.88,14.2
93,북춘천,May-20,17.4,23.7,11.5,29.8,5.4,72,122.2,40.5,13,1.5,8.7,200,193.7,43.89,583.23,21.5
93,북춘천,Jun-20,23.5,29.5,17.9,35.8,13.6,72,79.1,45.1,11.6,1.5,7.9,200,225.2,50.85,650.42,30.1
93,북춘천,Jul-20,23.3,27.9,19.1,32.7,16.1,81,183.6,60.9,17,1.3,10.5,20,140.4,31.24,511.36,26.5
93,북춘천,Aug-20,25.6,29.6,22.8,35.4,20.3,90,821.2,188.5,72.5,1,7.3,230,92.3,21.92,356.98,27.1
93,북춘천,Sep-20,19,24.9,14.5,30,8.2,84,153.1,43.1,11.4,1.3,11.2,20,162.6,43.64,421.25,21.4
93,북춘천,Oct-20,10.9,19.1,4.5,23.7,-2.7,78,0.3,0.2,0.2,0.9,8.1,230,221.5,63.72,420.29,14.6
93,북춘천,Nov-20,5.3,12.1,-0.3,19.4,-8.3,73,75.2,62.8,,1.2,7.3,200,181.1,59.51,287.49,6.9
93,북춘천,Dec-20,-3.6,2.9,-9.1,9.9,-18.5,69,4.8,4.5,,0.9,6.1,20,197.9,66.5,268.95,-2.2
93,북춘천,Jan-21,-5.7,0.7,-11.8,11.5,-22.5,68,14.3,3.3,,1,10.2,20,181.6,59.23,274.71,-3.6
93,북춘천,Feb-21,0.4,7.6,-6.3,19.7,-14.2,61,5.6,2.6,,1.5,7.9,200,210.7,69.65,366.24,1.3
93,북춘천,Mar-21,7.1,14.3,0.5,22.8,-4.7,68,100.1,66.2,,1.3,8.8,200,217.1,58.5,471.84,8.9
93,북춘천,Apr-21,12.4,19.5,5.5,29.2,-0.1,61,110.2,56.6,9.2,1.5,7.8,200,225.5,56.97,564.07,15.5
93,북춘천,May-21,15.6,22.1,9.8,30.6,3.1,75,159.3,67.4,11.7,1.4,9.1,230,190.3,43.13,569.66,18.8
93,북춘천,Jun-21,21.6,27.5,16.7,32.3,12.4,78,128.1,26.2,15.5,1.2,7.3,200,186.6,42.13,599.05,24.8
93,북춘천,Jul-21,26.7,32.7,22,36.6,18.5,80,202,58.7,28.2,1,7.7,250,251.7,56.01,697.93,32.2
93,북춘천,Aug-21,24.3,29.3,20.5,34.4,15.7,82,122.5,31.2,26.1,1.1,7.2,50,154,36.54,480.64,28.1
93,북춘천,Sep-21,20.7,26.4,15.7,29.7,13.2,79,103.7,37.5,11.7,1.1,6.2,50,188.6,50.56,464.07,23.5
93,북춘천,Oct-21,13.1,19.6,7.9,28.2,-2,83,64.4,29.7,11.6,0.9,5.2,50,160.2,46.06,342.76,15
93,북춘천,Nov-21,5.3,12.2,-0.4,21,-6.6,75,49.8,27.1,,1.2,7.9,250,163.1,53.55,271.29,5.7
93,북춘천,Dec-21,-2.2,3.8,-7.5,11.4,-17.2,72,5.2,1.9,,1.1,8.4,340,173.8,58.36,252.38,-1.1
93,북춘천,Jan-22,-5.1,1.8,-11.5,7.8,-16.6,65,1.9,1.5,,0.8,6.4,20,219.2,71.52,314.35,-3.7
93,북춘천,Feb-22,-3.5,3.7,-10.6,10.7,-15.8,55,6.3,4.6,,1.5,8.1,250,224.1,74.13,380.96,-1.6
93,북춘천,Mar-22,5.7,12.5,-0.9,18.5,-7.6,66,88.3,31.7,,1.4,9.1,200,195.6,52.72,427.61,6.4
93,북춘천,Apr-22,13,21.2,5.1,29.8,-1.9,56,27.7,16.7,3.6,1.7,7.1,200,264.2,66.78,620.33,16.5
93,북춘천,May-22,17.2,25,9.4,30.7,2.4,60,8.1,4.6,3.9,1.7,8.6,200,281.3,63.79,716.21,22.7
93,북춘천,Jun-22,21.9,27,17.3,34.2,9.2,78,386.5,129.9,23,1.3,6.8,200,142.7,32.22,497.81,24.8
93,북춘천,Jul-22,26,31.1,22.2,35.8,19.6,85,223.8,74.7,28.1,1,6.5,200,174.6,38.84,582.61,29.8
93,북춘천,Aug-22,24.5,28.8,21.4,33,12.1,88,418.4,110.8,32,1,6.1,230,121.9,29.88,421.2,27.3
93,북춘천,Sep-22,19.8,26.5,14.4,30.8,6.8,80,239,158,14.8,1.1,6.7,50,207,55.45,496.4,23.4
98,동두천,Sep-16,21.6,28.2,17,30.9,10,69,39.6,18.3,10.1,1.2,6.7,20,196.5,52.71,,25.8
98,동두천,Oct-16,14.6,21.5,9.2,28.5,-1.8,67,154.9,70,27.6,1.3,7.1,20,185.2,53.28,,15.7
98,동두천,Nov-16,6.1,12.2,1,20,-8.7,59,18.1,5.9,,1.5,6.2,320,155.2,50.99,,6.2
98,동두천,Dec-16,0.6,6.5,-4.3,14.6,-12,61,67.7,29.5,,1.5,8.1,340,150.6,50.59,,0.3
98,동두천,Jan-17,-2.5,4.1,-7.9,13.6,-14.9,56,15.5,5.2,,1.7,7.6,320,205.4,66.97,,-1.8
98,동두천,Feb-17,-0.8,5.7,-6.6,12.4,-11.8,53,15.1,4.8,,1.9,7.8,320,207.9,68.75,,0
98,동두천,Mar-17,5.6,13.7,-0.8,21,-7.3,48,15.1,11.2,,1.8,8.6,270,237,63.85,,6.6
98,동두천,Apr-17,13.2,21.3,6.9,28.3,0.5,51,67.5,24.1,5.8,2.2,8.7,230,252.9,63.9,,16.2
98,동두천,May-17,18.4,26.2,11.7,30.9,6.9,55,22.7,10.4,9.7,1.9,10.1,250,289.6,65.65,,24.4
98,동두천,Jun-17,22.2,29.7,16,35.5,10.6,59,50.5,16.4,16.1,1.7,6.7,270,251.8,56.87,,29.3
98,동두천,Jul-17,26,30.5,22.9,34.5,20.2,81,376.3,93,36.5,1.5,7,230,119.6,26.61,,28.6
98,동두천,Aug-17,24.5,29.8,20.9,35.9,13.6,77,334.6,91.3,35,1.4,6.8,20,154.4,36.62,,27.9
98,동두천,Sep-17,20.1,27.2,14.5,30.4,6.8,68,25.3,19.8,6.7,1.3,8.1,20,229.5,61.51,,23.9
98,동두천,Oct-17,14.1,21.7,8.5,27.8,-0.9,65,18.5,8.2,4.9,1.3,8,20,152.9,43.96,,16.5
98,동두천,Nov-17,4.2,11,-1.4,19.5,-9.2,57,19,6.8,,1.7,10,320,160.1,52.58,,5.5
98,동두천,Dec-17,-3.3,2.2,-8.5,9.7,-16.6,58,29.6,12.1,,1.6,7.4,290,185.3,62.26,,-1.5
98,동두천,Jan-18,-5.4,0.8,-10.1,9.8,-20.4,51,7,5.8,,1.7,7.6,270,198,64.6,,-2.9
98,동두천,Feb-18,-2.6,4.4,-8.6,11.7,-16.9,45,30.7,22.4,,1.9,7.9,320,215,71.14,,-1.6
98,동두천,Mar-18,7.4,14.6,1.9,23.8,-8.4,58,38.7,13.5,,1.9,10.9,20,209,56.35,,8.3
98,동두천,Apr-18,12.4,19.9,6.3,28.7,-1.6,55,125.9,57.4,8.3,2.1,9.8,250,215.9,54.6,,14.5
98,동두천,May-18,17.4,24.1,11.4,30.4,5.3,65,242.9,98.6,17.7,1.8,8.8,20,242.6,55,,20.8
98,동두천,Jun-18,22.1,28.7,16.7,32.2,13.6,67,193.6,118.4,38,1.5,6.5,250,237,53.54,,27.3
98,동두천,Jul-18,26.3,31.5,22.2,36.2,16,75,216.9,47.1,34.5,1.4,7.9,20,240.5,53.49,,30.7
98,동두천,Aug-18,27.2,33.3,23,38.7,17.2,72,407.4,279.6,59.7,1.5,6,20,226.3,53.63,,33
98,동두천,Sep-18,19.8,26.2,14.8,31.5,7.5,69,56.5,23.1,13.2,1.3,6.9,50,210,56.26,,22.7
98,동두천,Oct-18,11.4,18.6,5.5,25.6,-1.4,65,107.9,33.7,7.1,1.4,8.3,20,230.7,66.29,,13.4
98,동두천,Nov-18,6.4,13.5,1.2,20.8,-5.7,62,61.5,49,,1.2,7,20,166.6,54.66,,6.1
98,동두천,Dec-18,-2,4.6,-7.3,12.6,-15.5,48,11,5.8,,1.5,7.3,320,198.7,66.75,,-1.2
98,동두천,Jan-19,-2.4,4.9,-8.3,9.8,-13,46,0.4,0.4,,1.4,7.2,20,212.7,69.46,,-2.3
98,동두천,Feb-19,-0.3,6.3,-6,14.4,-11.3,54,26.7,17.9,,1.4,7.1,360,202,66.91,,0.3
98,동두천,Mar-19,5.7,12.9,-0.4,18.5,-5.2,62,32.5,12.6,,1.8,10.8,250,221.6,59.81,,6.4
98,동두천,Apr-19,11,18.3,4.4,28.4,-3.6,60,34.8,11.5,3,1.6,9.5,250,219.2,55.45,,13.6
98,동두천,May-19,18.3,26.2,10.8,32.8,4.5,57,34.5,20.7,5.5,1.8,8.6,250,323,73.26,,24.6
98,동두천,Jun-19,21.1,27.3,15.8,31.8,11.6,75,63.2,24.1,12.9,1.3,6.2,250,237.8,53.72,,27.3
98,동두천,Jul-19,24.6,29.5,21,35.8,16.5,82,329.8,80.8,35.2,1.4,5.8,180,151.8,33.76,,28.2
98,동두천,Aug-19,25.4,30.5,21.2,35.3,16.3,83,135.2,46.9,15.3,1.1,6.3,20,249.4,59.07,,28.5
98,동두천,Sep-19,20.8,26.2,16.5,29.9,9.6,81,247.5,129.6,25.8,1.1,13.9,20,179.5,48.05,,23.2
98,동두천,Oct-19,14.4,21,8.8,27.9,1.1,79,38.2,20.6,3.1,1.1,5.9,20,223.8,64.24,,16
98,동두천,Nov-19,5.7,12.8,0.3,19.7,-6.6,71,58.1,13.9,,1.2,7.7,360,194.5,63.75,,6.4
98,동두천,Dec-19,0,5,-4.8,13.3,-13.4,73,27.2,11,,1.3,7.5,290,148,49.68,,0.4
98,동두천,Jan-20,0,5.9,-4.5,12.4,-10.2,71,71.4,49.1,,1.1,7.4,20,186.6,60.98,,-0.3
98,동두천,Feb-20,1.2,7.6,-3.7,17.5,-14.9,72,54.8,22.9,,1.4,8.2,20,179.4,57.32,,2.4
98,동두천,Mar-20,6.7,14.4,0,22.3,-5.4,57,19.7,14,,2,10.7,230,254.1,68.4,,7.2
98,동두천,Apr-20,10.2,17.9,3.3,24.6,-0.7,54,19.5,13.7,6.3,2.1,9.6,230,280.7,70.85,,13
98,동두천,May-20,17.1,23.7,11.8,29.5,6.5,77,134.3,38.8,9.8,1.4,8.4,250,205.7,46.6,,20.9
98,동두천,Jun-20,22.8,28.8,17.9,35.5,13.3,76,128.6,57.1,12.5,1.4,9,230,245.1,55.34,,29.9
98,동두천,Jul-20,23,27.5,19.4,32.2,16.2,85,248,95.2,22.3,1.2,6.2,20,167.1,37.2,,26.4
98,동두천,Aug-20,25.3,28.8,22.8,35,19.8,93,757.8,129.1,34.5,1.5,10.3,160,101.4,24.06,,27.5
98,동두천,Sep-20,19.5,25,15.4,30.1,9.3,83,130.4,45,10,1.4,8.7,20,208.2,55.86,,22.8
98,동두천,Oct-20,12,19.5,5.9,24.8,0,72,2.9,1.5,1.5,1,5.8,20,235.8,67.86,,15.1
98,동두천,Nov-20,6.3,12.8,0.8,19.7,-7.5,70,73.9,52.5,,1.4,7.8,320,177.6,58.34,,6.5
98,동두천,Dec-20,-2.2,3.7,-7.2,10.9,-15.9,64,0.6,0.3,,1.3,7.6,320,198.6,66.71,,-1.1
98,동두천,Jan-21,-4.2,2.1,-9.9,15,-20.2,64,15.4,4.7,,1.4,10.7,290,188.8,61.56,,-3.1
98,동두천,Feb-21,1.3,8.4,-5,19.2,-12.2,60,8.5,5.8,,1.9,9.3,320,189.6,62.7,,2.3
98,동두천,Mar-21,7.7,15.5,1.6,23.9,-3.8,68,107.8,70.7,,1.6,8.1,20,238.4,64.22,,10.2
98,동두천,Apr-21,13,20.3,6.7,29.1,0,60,99.3,49,8.6,1.7,9,20,239,60.37,,15.7
98,동두천,May-21,15.8,22.2,10.2,29.9,5,77,228.8,79.4,12.4,1.5,8.2,230,210.8,47.78,,19.3
98,동두천,Jun-21,21.3,27,16.8,30.8,11.5,83,103.3,23.7,21,1.1,6.2,250,207.7,46.9,,25.9
98,동두천,Jul-21,26.4,31.7,22.1,35.7,18.5,83,100.2,34.8,17.6,0.9,6.9,20,237.8,52.9,,32.2
98,동두천,Aug-21,24.3,29.2,20.6,32.6,17.7,85,140.6,52.7,18.2,0.9,5.8,20,163.4,38.76,,28.5
98,동두천,Sep-21,20.8,26.3,16.2,29.6,13.8,82,100.6,50.1,15.9,1,6,50,203.5,54.54,,23.7
98,동두천,Oct-21,13.7,19.9,8.5,28.2,-0.9,80,71.2,36.8,18.2,0.9,5.6,20,186.5,53.62,261.64,15.8
98,동두천,Nov-21,6.4,13.3,1,22.2,-5.4,73,51.6,22.6,,1.3,8.8,290,166.8,54.76,258.11,6.6
98,동두천,Dec-21,-1.1,5,-6.1,12.8,-17.3,66,8.3,3.3,,1.4,7.9,320,185.1,62.2,248.82,-0.5
98,동두천,Jan-22,-3.9,2.6,-9.7,7.8,-15.1,60,6.5,2.8,,1.1,6.9,20,214.7,70.05,291.73,-3.2
98,동두천,Feb-22,-2.6,4.4,-8.5,11.6,-13.3,56,7.1,3.4,,1.8,8.2,290,220,72.8,358.65,-1.3
98,동두천,Mar-22,6.4,13.6,0.6,20.8,-5.5,64,91,25.9,,1.6,11.2,360,201.9,54.44,420.72,6.6
98,동두천,Apr-22,13.6,21.7,6.9,30.3,-0.7,56,17.8,15.2,3.8,1.7,7,250,262.9,66.47,597.77,17.9
98,동두천,May-22,17.4,25.2,10.4,30.4,3.7,60,16.4,13.3,9.3,1.6,8.7,250,305.2,69.19,715.03,24.4
98,동두천,Jun-22,21.5,26.6,17.4,31.9,11.9,81,522.8,219.9,43.7,1.4,9.1,200,162.2,36.64,457.51,24.8
98,동두천,Jul-22,25.8,30.4,22.2,35.4,19,85,302.7,92.2,38.5,1,5.5,160,189,42.04,534.41,29.1
98,동두천,Aug-22,24.2,28.2,21.2,31.7,12.4,88,506.8,147.2,55,1.1,7.2,200,143.4,33.98,419.33,27.2
98,동두천,Sep-22,20,26.3,15.1,30.8,8.6,79,204.5,106.6,17.3,0.8,5.5,20,220,58.93,483.74,23.3
119,수원,Sep-16,22.7,27.6,18.9,31.5,14.1,75,67.8,29.1,5.7,1.7,7.4,90,163.2,43.82,334.72,22.9
119,수원,Oct-16,15.7,21.2,11.1,28.9,0,72,99.1,30.7,10.2,1.7,6.2,110,168.5,48.39,273.41,16
119,수원,Nov-16,7,12.3,2.2,20,-4.6,64,17.4,3.1,,1.7,5.7,290,166.5,54.45,211.07,6.8
119,수원,Dec-16,1.7,6.9,-2.9,14.6,-9.5,67,63.4,32.6,,1.6,6.4,290,159.1,53.21,185.35,1.4
119,수원,Jan-17,-1.5,3.8,-6.2,11.9,-13.6,65,19.4,7,,1.7,6.8,290,205.8,66.75,233.11,-0.4
119,수원,Feb-17,0,5.5,-5.2,13,-9.8,60,22.5,9.1,,2,6.4,290,207.8,68.49,292.05,-0.3
119,수원,Mar-17,5.7,12.5,0.1,18.7,-5.6,58,9,6.2,,1.9,6.8,290,246.5,66.39,419.62,5.8
119,수원,Apr-17,13.2,20.1,7.5,28.1,1.8,60,52.5,33.8,6.4,2.1,8.3,270,254.8,64.49,482.32,15.1
119,수원,May-17,18.4,25.3,12.4,30.3,8.6,63,22.5,7.1,5.4,2,8.8,270,303.2,68.99,581.1,23
119,수원,Jun-17,22.4,28.7,17.3,33.2,12.5,67,27.6,7.3,4.7,2,6.8,270,275.6,62.59,553.96,27.4
119,수원,Jul-17,26.5,30.5,23.7,35.8,21.4,88,684.5,104.8,61.2,1.6,6,200,123.7,27.62,338.13,27.7
119,수원,Aug-17,25.5,29.8,22.3,36.9,15.1,81,359.7,130.8,51.2,1.8,6.3,90,162.5,38.64,369,26.9
119,수원,Sep-17,21.2,27.1,16.3,29.8,8.6,72,26.1,15.7,7.8,1.6,6.8,270,239.3,64.17,408.02,22.1
119,수원,Oct-17,15.4,21.7,10.2,28.6,0.3,68,28.7,16.8,5.9,1.5,7.1,290,212.5,60.98,318.45,15.8
119,수원,Nov-17,5.7,11.5,0.4,20,-6.1,65,37.6,13,,1.7,7.4,290,193.5,63.24,234.02,5.8
119,수원,Dec-17,-1.4,3.3,-5.8,9,-11.5,62,38.5,17,,1.8,7.2,290,180.9,60.48,207.9,-1.4
119,수원,Jan-18,-3.6,1.3,-7.8,8.9,-16.8,57,7.9,2.1,,1.8,7.1,320,194.1,62.98,231.84,-2.3
119,수원,Feb-18,-1.6,4.3,-6.8,11.1,-14.6,54,29.1,22.9,,2,6.8,290,201.3,66.41,279.52,-1.2
119,수원,Mar-18,7.9,14.2,2.9,23.2,-6.2,69,86,46.5,,2.1,8.2,270,212.2,57.2,377.9,8.4
119,수원,Apr-18,12.6,19.3,6.8,27.3,0,65,128.8,66.2,11.6,2,8.7,270,219.2,55.51,493.31,13.4
119,수원,May-18,17.9,23.7,12.6,29.5,6.9,73,196.4,64.8,25.4,2,7.9,270,219.3,49.91,564.21,18.4
119,수원,Jun-18,22.6,28.7,17.9,33.3,14,72,107,95.5,28.5,1.9,6.3,270,229.2,52.06,610.81,25.8
119,수원,Jul-18,27.5,32.5,23.5,37.5,18.5,75,222.7,105.7,27.8,1.8,5.6,270,255.2,56.98,609.73,29.7
119,수원,Aug-18,28.4,33.5,24.6,39.3,19,72,218.6,124.8,38.7,2.1,6.3,270,234.8,55.83,546.86,32.4
119,수원,Sep-18,21.1,26.2,16.8,30.7,9.2,71,61.7,20,6.8,1.9,5.9,90,212.3,56.89,459.39,22.3
119,수원,Oct-18,12.6,19.1,7.2,25.6,-0.2,73,132.7,76,10.8,1.4,7.6,290,240.8,69.06,399.52,12.9
119,수원,Nov-18,7.7,14.2,2.6,20.6,-4.3,71,78.1,64,,1.3,6.9,270,186.7,60.95,271.71,5.9
119,수원,Dec-18,-0.3,5.2,-5.1,13.4,-13.2,56,24.1,10.3,,1.7,5.9,290,200.4,67,253.86,-1.4
119,수원,Jan-19,-1.1,4.9,-6.3,9.2,-10.7,59,0.5,0.4,,1.5,6.7,290,221.4,71.84,286.81,-2.9
119,수원,Feb-19,0.8,6.8,-4.3,14.8,-9.5,61,33.4,22.7,,1.6,5.9,270,182.4,60.24,315.33,1.3
119,수원,Mar-19,6.6,13.3,0.9,18.2,-3.3,64,39.6,23.6,,1.9,7.8,270,206,55.56,433.09,6.9
119,수원,Apr-19,11.7,18.2,5.7,29.2,-1.9,63,43.6,18.1,5,1.8,6.8,270,207.2,52.54,487.34,12.6
119,수원,May-19,18.4,25.9,11.8,32.6,6.7,61,26.7,16.5,3.6,2,7.2,270,306.8,69.89,713.17,21.7
119,수원,Jun-19,22.1,27.9,17.2,32.7,12.4,71,68.8,38.7,11.7,1.8,5.7,270,229.4,52.11,603.82,25.3
119,수원,Jul-19,25.8,30.3,22.3,35.1,18.4,77,190.9,108,25.4,2,7.5,90,139.7,32.19,436.88,28.3
119,수원,Aug-19,26.8,31.5,23.1,36.5,17.4,72,117.9,46.7,20.3,1.8,7.2,270,236.9,56.24,548.63,27.9
119,수원,Sep-19,22.3,26.8,18.3,30.4,11.7,80,201.9,80.6,39.5,1.8,13.6,90,152,40.71,372.93,22.6
119,수원,Oct-19,16,21.3,10.9,27.8,3,79,73.1,25.6,8.9,1.7,5.6,290,225.5,64.65,392.02,16.4
119,수원,Nov-19,7.5,13.4,2.2,20.7,-3.9,73,93.2,41.6,,1.7,7.5,320,199.8,65.21,280.96,7.3
119,수원,Dec-19,1.5,5.8,-3,14.3,-10.8,76,26.2,6.2,,1.7,7.7,320,167.9,56.12,226.64,1
119,수원,Jan-20,1.6,6.4,-2.6,12.2,-7,78,61,50.8,,1.6,9.4,270,171.8,55.82,249.4,0.9
119,수원,Feb-20,2.4,7.3,-2,15.3,-11.9,81,59.2,22.6,,1.9,8.4,290,191.1,60.86,320.22,2.6
119,수원,Mar-20,7.1,13.3,1.2,20.9,-3.8,71,19.5,7.6,,2.4,9.7,270,259.6,69.9,520.32,7.3
119,수원,Apr-20,10.5,16.6,5,23.8,1.1,69,15.8,11.5,3.7,2.7,9.5,270,305.5,77.28,639.12,12.9
119,수원,May-20,17.6,23.3,13,29.7,8.6,79,97.9,36.7,29.1,1.9,8,270,208.4,47.39,559.39,19.7
119,수원,Jun-20,23,28.5,18.6,34,13,77,91.1,29.5,11.8,2,7.7,270,223.8,50.82,579.08,27.3
119,수원,Jul-20,23.8,27.9,20.5,33,17.5,83,384.7,92.9,37.2,1.9,8,250,142.3,31.78,436.97,25.4
119,수원,Aug-20,26.7,30.2,24.1,34.9,21.7,89,659.3,134.2,48,2,9.1,250,116.2,27.65,357.68,27.2
119,수원,Sep-20,21.1,25.7,17.3,29.7,12.6,79,163.4,59.9,10.1,1.9,9.9,270,192.6,51.72,428.77,22.3
119,수원,Oct-20,13.8,19.7,8.2,24.3,2.2,70,22.2,21.9,20.8,1.5,7.5,320,241,69.25,415.47,14.8
119,수원,Nov-20,7.7,12.8,2.8,20.7,-5,70,56.8,43.3,0,1.8,8.1,320,183.7,60.07,269.88,7.9
119,수원,Dec-20,-0.4,4.3,-4.7,11.4,-12.6,65,4.6,2.4,,1.8,7,320,208.2,69.63,261.57,0
119,수원,Jan-21,-2.4,2.6,-7.8,14.2,-18.6,67,24.1,9.1,,1.9,10.4,320,191.6,62.15,275,-1.1
119,수원,Feb-21,2.2,7.8,-3.3,18.5,-10.3,64,9.7,3.8,,2.2,8.4,290,199.1,65.6,335,2.8
119,수원,Mar-21,8.1,14.6,2.7,22.9,-2.1,72,102.8,70.7,,1.9,8.2,270,221.4,59.63,457.07,8.7
119,수원,Apr-21,13.5,19.4,8,28.6,3,62,106.4,46.7,10.1,2.2,7.1,270,226.8,57.4,541.96,14.9
119,수원,May-21,16.5,21.8,11.6,30.4,6.2,77,179.2,32.6,15.5,2,8.8,270,208.6,47.45,544.33,17.8
119,수원,Jun-21,22.5,27.7,18.3,32.3,12.6,78,50.1,17.2,7.3,1.8,6.7,250,225.3,51.17,575.34,24.9
119,수원,Jul-21,27.7,32.5,23.8,36.3,20.2,77,134.4,33.3,20.1,1.8,7.5,110,242.6,54.16,608.7,29.3
119,수원,Aug-21,25.7,29.9,22.5,34.4,18.7,81,161.1,42.1,15.5,1.8,10.4,250,150.4,35.77,426.72,27.2
119,수원,Sep-21,22.6,27.1,18.7,29.9,15.5,75,164.1,70.9,43.9,2.1,6.5,90,190.1,50.99,428.47,23.1
119,수원,Oct-21,15.6,21,10.9,28.7,1.4,72,36,11.3,6.2,1.7,6.8,320,205.3,58.93,366.94,16.1
119,수원,Nov-21,7.9,13.5,3,21.8,-3.2,74,104.2,38.4,,1.6,8.5,290,183.7,60.05,261.76,7.6
119,수원,Dec-21,0.7,5.7,-4,13.6,-14.3,65,12.3,3.4,,1.9,9.1,320,189.8,63.46,244.23,0.7
119,수원,Jan-22,-2.2,3.1,-7.3,9.6,-11.7,59,3.9,0.8,,1.7,7.3,290,219.2,71.12,302.75,-1.7
119,수원,Feb-22,-1.1,4.1,-6,11.5,-10.6,58,4,1.7,,2.3,8.1,290,227.2,74.93,369.63,-0.3
119,수원,Mar-22,7.1,12.8,1.8,20.5,-4.2,68,74.7,22.1,,2,9.9,270,185.5,49.99,411.98,6.6
119,수원,Apr-22,13.5,20,8,26.2,1.3,61,42.4,14.2,5.5,2.1,7.3,270,256.8,65.03,593.27,15.1
119,수원,May-22,18.1,24.2,12.3,29.6,6.4,60,13.4,10,6.8,2.3,7.3,270,317.2,72.19,731.25,22.1
119,수원,Jun-22,23.1,27.7,19.2,31.7,13.7,69,472.1,285,58.8,2.3,9.8,250,162.1,36.82,465.63,25.4
119,수원,Jul-22,27.1,31.2,23.7,35.2,21.1,79,243,139.1,31.7,1.9,7.2,250,196.1,43.78,543.26,28.8
119,수원,Aug-22,25.5,29.2,22.6,33,14.8,85,640.8,192.8,59.1,1.9,6.7,250,145.7,34.64,413.62,27
119,수원,Sep-22,22.1,27.5,17.7,32,11.1,72,190.1,120.4,11.6,1.8,7.6,110,215.3,57.69,470.32,23.4
127,충주,Sep-16,21.5,26.9,17.3,31.7,9.9,74,60.8,32.1,9.4,1.2,5.9,90,120.1,32.25,,23.7
127,충주,Oct-16,14.8,20.5,10.4,29,-0.9,76,102.6,26.5,13.5,1.2,5.4,110,104.8,30.07,,16.7
127,충주,Nov-16,5.9,12.2,0.2,22.5,-7.6,69,22.9,6.6,,1.2,5.5,90,129.9,42.4,,7.5
127,충주,Dec-16,0.6,6.4,-4.5,15.6,-11.2,70,42.4,15.9,,1.3,6.3,270,128.3,42.75,,2.4
127,충주,Jan-17,-2.5,3.4,-8,13.3,-16,64,18,7.9,,1.4,5.6,270,171.3,55.45,,0.1
127,충주,Feb-17,-0.2,5.9,-6.1,13.8,-11.9,59,36.2,17.3,,1.6,6.5,270,200.7,66.08,,1.6
127,충주,Mar-17,5.5,12.5,-1.1,19.6,-6.8,52,22.5,10,,1.6,7.8,270,223.8,60.29,,6.5
127,충주,Apr-17,13.5,21,6.1,28.8,0.3,52,71.4,19.3,7,1.8,7.1,270,245.3,62.15,,14.4
127,충주,May-17,18.7,26.4,11.1,31.7,5.9,54,32.2,9.4,9.4,1.8,7.6,270,294.4,67.06,,22.4
127,충주,Jun-17,22.4,29.4,15.9,34,9.6,56,43.7,27.4,16.3,1.7,6.1,90,258.4,58.71,,27.9
127,충주,Jul-17,26.3,30.5,23.1,34.2,19.2,79,464.3,89,75.4,1.2,6.1,90,112,25.06,,27.8
127,충주,Aug-17,25.1,29.6,21.3,36.3,13.4,75,257.9,57.6,31.2,1.4,6.2,90,161.8,38.52,,27
127,충주,Sep-17,19.6,26.2,14.2,29.6,7.1,72,62.4,27,27,1.1,8.2,90,207.1,55.57,,21.4
127,충주,Oct-17,14.3,21,9.2,27.4,-2.4,72,21.2,7.4,3.7,1.1,6.5,90,171.9,49.28,,16.2
127,충주,Nov-17,4.4,11,-1.5,20.2,-9.2,64,17.6,7,,1.4,6.8,90,170.3,55.53,,6.4
127,충주,Dec-17,-2.8,2.6,-7.9,10.3,-14.5,60,25.5,12.7,,1.5,8,270,169.8,56.6,,-0.9
127,충주,Jan-18,-4.7,0.4,-9.3,8.6,-19.2,60,14.3,6.4,,1.4,6.5,270,162.1,52.49,,-1.5
127,충주,Feb-18,-2.5,4.2,-9.1,12.1,-17.4,48,35.8,33.7,,1.7,7.1,270,195.8,64.51,,-0.3
127,충주,Mar-18,7.5,14.3,1.3,23,-7.5,61,75.1,24,,1.8,7.4,90,197.9,53.34,,8.5
127,충주,Apr-18,12.8,20.2,5.7,30,-1.5,57,107.9,33.1,7.6,1.9,7.3,90,215.3,54.59,,14.6
127,충주,May-18,17.9,24.3,11.6,30.7,4.9,68,180,42.7,31,1.6,8.5,90,206.5,47.08,,20.1
127,충주,Jun-18,22.7,29,17.3,33.3,13,64,63.7,59.6,14.4,1.6,5.2,90,225.6,51.27,,27.3
127,충주,Jul-18,27.2,32.8,22.9,37.6,16.5,71,149.1,80.4,27.3,1.5,6.9,90,246.2,55.04,,31.5
127,충주,Aug-18,27.6,33.4,23.2,40,17.6,70,353.3,134.2,38.7,1.6,6.2,90,195.4,46.49,,32
127,충주,Sep-18,19.9,25.9,14.7,29.8,7.3,73,184.9,125.7,63.1,1.5,6.2,90,185.8,49.81,,22.2
127,충주,Oct-18,11.1,18.4,5.4,25.8,-1.3,76,96,37.8,7.6,1.3,7.3,90,186.9,53.57,,14.2
127,충주,Nov-18,5.9,13.2,0.4,19.6,-5.6,74,50,34.4,,1,7.2,90,160.3,52.23,,7.5
127,충주,Dec-18,-1.8,4.3,-6.9,14.5,-14.8,63,39,16.7,,1.2,6.4,90,170.5,56.83,,0.4
127,충주,Jan-19,-2.6,4.4,-8.6,8.6,-13.2,56,4.1,4,,1.3,6.8,90,204.4,66.23,,-1.4
127,충주,Feb-19,0.4,6.5,-5.2,13.2,-11.6,59,29,16.4,,1.2,5.4,270,182.4,60.12,,2
127,충주,Mar-19,6,13,-0.5,19.7,-5.4,59,27.9,9,,1.5,7.4,270,200.7,54.13,,6.9
127,충주,Apr-19,11.4,18.2,4.5,28.7,-3.6,57,58.5,22.8,5.6,1.6,7.3,90,203.4,51.59,,13.1
127,충주,May-19,18.3,26.5,10,33.5,2.7,54,15.4,9.9,3.4,1.7,6.9,90,298.6,68.11,,23
127,충주,Jun-19,21.7,27.7,16.1,32.8,9.5,68,59.6,33.4,12.6,1.3,6.3,90,211.9,48.17,,27.4
127,충주,Jul-19,25,29.9,20.9,34.9,15.3,75,161.4,33.1,19.8,1.4,5.9,90,138.4,30.93,,27.8
127,충주,Aug-19,26,31.1,21.7,35.5,16.6,77,102.6,54.3,15.6,1.3,5.8,90,211.4,50.29,,28.1
127,충주,Sep-19,21.1,26.3,16.6,31.5,10.8,80,165.9,60.6,57.8,1.2,10.2,90,131.2,35.15,,23.2
127,충주,Oct-19,14.2,20.5,8.8,27,1.1,78,59,36.4,7.8,1.2,9.4,90,178.1,50.99,,15.7
127,충주,Nov-19,6.2,13.4,0.3,20.2,-5.9,76,84.6,40,,1.1,8.5,90,162.8,53.01,,7.4
127,충주,Dec-19,-0.1,5.3,-4.6,13.7,-11.7,75,27.5,10.1,,1,6.3,90,138.6,46.2,,1.1
127,충주,Jan-20,0.6,6.2,-3.9,13.8,-9.7,72,60.2,48,,1.2,7.5,90,142.8,46.29,,1.5
127,충주,Feb-20,1.8,7.7,-3.5,15.6,-13,69,61.9,29.4,,1.3,9.3,270,178.7,56.82,,3.7
127,충주,Mar-20,7,14.2,-0.2,22.1,-6.2,58,20.7,12.7,,1.6,8.4,270,240.5,64.74,,8.5
127,충주,Apr-20,10.2,17.7,2.7,25.6,-3.1,51,25.9,13.4,5.8,2,8.7,270,273.2,69.15,,14
127,충주,May-20,17.8,24,11.9,29.6,5,68,109.7,53.7,28.9,1.5,7,90,213.6,48.64,,21.1
127,충주,Jun-20,23.4,29.2,18.3,34.4,11.6,70,112.1,31,12.8,1.4,6.9,90,201.7,45.83,,27.2
127,충주,Jul-20,23.1,27.3,19.6,32.4,16.7,81,352.2,82.3,26.4,1.5,7.9,90,106.3,23.78,,25.9
127,충주,Aug-20,26.1,30.4,22.9,34.5,20.7,85,505.6,84.2,38.1,1.2,5.7,90,120,28.58,,27.6
127,충주,Sep-20,19.6,24.9,15.3,30.2,10.1,78,146.4,46,13.5,1.5,8.2,90,172.4,46.29,,22
127,충주,Oct-20,11.8,19.3,5.6,24.6,-1.5,74,10.7,10.4,3.5,1.1,4.9,90,220.9,63.39,,14.5
127,충주,Nov-20,6.5,13.1,0.8,23.4,-6,69,30,19.9,,1.3,6.5,90,172.9,56.43,,7.7
127,충주,Dec-20,-2.7,3.6,-7.9,11.3,-17,67,11.1,8.1,,1.1,5.8,90,179,59.65,,0.4
127,충주,Jan-21,-3.6,2.7,-9.6,13.3,-19.6,64,13.6,4.9,,1.4,8.3,270,179.7,58.17,,-1.2
127,충주,Feb-21,1.7,8.4,-4.7,22.3,-11.9,58,12.3,7.5,,1.7,7.7,270,197.3,67.38,,2.8
127,충주,Mar-21,8.1,14.9,1.8,23.2,-3.1,64,80.5,48,,1.6,6.9,90,213.9,57.62,,9.6
127,충주,Apr-21,13.1,19.7,6.3,29.4,0,54,63.4,36.4,9.1,1.9,9.9,90,227.9,57.74,,14.7
127,충주,May-21,16.2,22.2,10.3,30,3.2,71,178.4,54.9,13.3,1.6,7.5,90,192.9,43.94,,18.8
127,충주,Jun-21,22.1,27.6,17.3,31.6,11.5,73,130.4,42.3,24.9,1.4,5.5,90,194.6,44.22,,25.3
127,충주,Jul-21,26.4,31.7,21.9,34.7,19.8,77,310.7,85.4,46.4,1.3,9.4,90,226.8,50.74,,30.4
127,충주,Aug-21,24.4,28.8,20.9,34.9,17.8,80,239.9,45.9,21.4,1.3,6.5,90,143.1,34.07,,27.5
127,충주,Sep-21,21,26,16.3,29.1,12.7,78,240.3,111.5,21.7,1.4,5.9,90,185.5,49.77,,23.5
127,충주,Oct-21,13.8,20.3,9,30.1,-1.3,80,45.5,13.6,8.7,1,5.3,90,176.9,50.73,,16.7
127,충주,Nov-21,6.4,13.2,1.1,20.5,-5.2,75,44.9,20.5,,1.2,7.1,90,156.6,51.08,82.19,7.9
127,충주,Dec-21,-0.5,5.3,-5.7,11.6,-15.3,69,5.6,2.1,,1.2,8.3,270,165.6,55.2,239.22,1.4
127,충주,Jan-22,-3.4,3,-9.4,9.1,-14.4,62,2,0.9,,0.9,6.4,90,204.5,66.22,293.83,-0.6
127,충주,Feb-22,-2,4.4,-8.2,11.6,-13.6,53,4.3,2.8,2.6,1.6,7.2,270,222.9,73.44,365.92,1.3
127,충주,Mar-22,6.7,13.2,0.4,20.5,-6.2,64,79.9,32.4,,1.3,8.1,90,186.1,50.16,406.57,8.9
127,충주,Apr-22,13.4,21.1,5.9,27.9,-1.2,56,45.8,18.7,3.5,1.3,6.2,90,266.5,67.57,613.94,15.9
127,충주,May-22,17.8,25.3,10.1,30.4,3.5,56,8.6,4.7,4.7,1.5,6.3,270,304.8,69.49,755.72,24.2
127,충주,Jun-22,22.9,28.3,17.7,34.7,10.2,70,219,89.8,27.6,1.5,5.9,90,173.5,39.42,555.56,27.2
127,충주,Jul-22,26,30.5,22.3,34.7,19.7,81,350.5,83.2,52.8,1.3,5.6,90,160.5,35.89,528.94,28
127,충주,Aug-22,25,28.8,21.6,33.3,12.9,82,457.3,143.7,50.4,1.1,6.7,90,117,27.84,404.34,26.8
127,충주,Sep-22,20.5,26.7,15.5,32.1,8.1,76,102,50.6,8.3,1.2,6.5,90,212.4,56.94,496.31,23.6
143,대구,Sep-16,21.9,25.9,18.7,32.2,13.1,79,306.5,113,19.5,1.6,6.4,140,98.1,26.36,325.16,24.7
143,대구,Oct-16,16.6,21,13.1,27.6,5.7,75,111.5,49,9,1.7,7.7,110,127.9,36.61,304.1,18.6
143,대구,Nov-16,8.8,14,4.1,20.4,-3,62,11.3,7.5,,1.9,7.6,290,175.2,56.77,278.14,9.6
143,대구,Dec-16,4,8.7,-0.6,16.6,-5.1,58,41,18.5,,2.1,8.8,290,177.2,58.48,240.44,4
143,대구,Jan-17,1.1,6.3,-3.7,13,-9,52,2.5,1.5,,2.5,9.9,320,214.2,68.76,301.04,1.3
143,대구,Feb-17,3.2,8.8,-2.2,17.1,-6.2,46,25.7,19.5,,2.8,9.4,320,223.5,73.25,381.1,4.1
143,대구,Mar-17,7.9,13.9,2.4,20.2,-2.5,50,38.4,18.5,,2.3,9.3,290,235.4,63.4,490.83,10.1
143,대구,Apr-17,15.7,22,9.6,31.1,2.1,52,53,17.5,5,2.3,7.8,290,241.3,61.32,575.09,18
143,대구,May-17,20.8,27.5,14.5,35.9,8.5,52,33.1,16.5,8.5,2.3,9.4,290,283.6,65.02,668.09,26.1
143,대구,Jun-17,23.3,30,17.9,36.3,12.2,60,71.5,51.5,46.8,2.4,7.7,140,257.2,58.87,664.08,30.3
143,대구,Jul-17,28,32.8,24,38.4,19.1,75,105.3,30,17,1.9,8.2,140,139.3,31.37,475.51,31.5
143,대구,Aug-17,26.4,31.4,22.5,37,15.5,75,171.3,65,18.5,2.2,7.4,110,205.7,49.16,535.56,30
143,대구,Sep-17,21.5,27,16.4,30.4,9.2,68,97.5,54,11,1.8,7.5,110,216,58.03,473.31,25.8
143,대구,Oct-17,16.2,21.2,12,29.1,1.7,71,54.3,27,8,1.8,8.2,110,154.5,44.17,339.76,18.2
143,대구,Nov-17,7.8,14.2,2.3,22.2,-3.5,53,0.1,0.1,,2,9.1,290,224.8,72.77,321.59,8.5
143,대구,Dec-17,0.7,5.8,-4,12.8,-10.2,46,11,11,,2.6,8.8,290,226.1,74.62,285.63,0.9
143,대구,Jan-18,-0.9,4,-5.2,13.2,-13.9,49,21.1,9.5,,2.5,9.1,290,216.3,69.46,311.43,-0.3
143,대구,Feb-18,1.3,7.1,-4.2,15,-10.9,40,25.1,24.5,,2.5,9.6,290,209,68.55,356.28,1.8
143,대구,Mar-18,9.2,15.6,3.3,25.9,-2.8,60,98.7,23,,2.3,10.5,110,219.3,59.09,470.41,10.2
143,대구,Apr-18,15,21.4,8.9,32,0.5,52,113,38,7.5,2.6,8.8,110,247.6,62.97,559.89,17.9
143,대구,May-18,19.2,24.8,14.2,32,7.2,62,99.7,22,15.9,2.4,9.5,110,203.8,46.74,569.94,22.5
143,대구,Jun-18,23.6,28.7,18.7,35.3,13.7,60,121.1,68.5,15,2.2,7.7,110,201.5,46.12,575.54,27.7
143,대구,Jul-18,28.2,33.1,24,39.2,17.6,66,169.6,62.5,27.5,2.2,7,110,225.4,50.72,583.52,33.2
143,대구,Aug-18,27.7,32.9,23.7,38.7,18.4,68,334.2,127.5,33,2.4,8,110,219.8,52.51,544.94,32.1
143,대구,Sep-18,21,25.4,17.2,30.4,10.4,71,109,40,19.5,1.9,7.1,110,142.6,38.26,391.07,23
143,대구,Oct-18,14.3,20,9.3,25.8,2.8,63,165.1,98.5,19,1.8,9,290,238.8,68.21,417.44,16.3
143,대구,Nov-18,8.8,15.2,3.3,21.2,-2.7,63,17.2,15.5,,1.3,7.7,110,186.2,60.26,290.08,9.1
143,대구,Dec-18,2,7,-2.3,16.1,-8.8,50,23.8,14,,2.1,8.8,290,185,61.06,260.56,2.1
143,대구,Jan-19,1.7,7.3,-3.5,12.5,-7.2,44,9.5,5.5,,2.3,8.6,290,228.9,73.55,319.27,1.4
143,대구,Feb-19,4,9.1,-0.9,15.7,-4.7,47,26.2,19.5,,2.1,7.7,290,193.9,63.68,345.66,4.3
143,대구,Mar-19,9.4,15.5,3.6,24.2,-1.5,50,20.7,7.5,,2.4,8.5,290,235.8,63.56,500.7,11.2
143,대구,Apr-19,13.5,19.4,8,27.1,0.2,52,88,40,6.5,2.2,7.9,110,188.1,49.51,480.63,16.1
143,대구,May-19,20.7,27.5,13.6,34.5,7.2,47,25.7,16,3.5,2.1,7.9,290,295.6,67.8,702.36,24.6
143,대구,Jun-19,22.8,28.5,17.8,35.7,14.5,65,160.8,60,16,2.1,7.4,110,238.9,54.68,620.6,27.3
143,대구,Jul-19,25.8,30,22.3,36,18.8,76,139.4,64.5,8,1.9,7.3,110,156.3,35.17,487.33,28.3
143,대구,Aug-19,27.4,32.2,23.7,36.9,17.9,74,141.9,72,31.5,1.9,7.2,110,198.7,47.45,515.88,30.9
143,대구,Sep-19,22.6,27,19.1,32.5,12.5,79,185.5,72.5,8,1.7,7.8,110,137,36.73,379.27,24.4
143,대구,Oct-19,16.8,22,12.2,28.6,3.9,71,155.2,104.5,27.5,1.7,7.3,110,199.2,56.88,386.33,18.2
143,대구,Nov-19,9.8,16.3,4.3,23.2,-2.6,66,15.3,8,,1.7,8.4,290,185.2,59.94,291.61,10.1
143,대구,Dec-19,3.5,9,-1,16.6,-5.9,57,27.5,21,,2.1,9.1,290,182.9,62.38,257.63,3.1
143,대구,Jan-20,3.8,8.4,0.1,15.7,-4.9,61,70.4,27,,2.1,8.6,290,151.4,48.67,266.64,3.3
143,대구,Feb-20,4.9,10.4,0.2,18.5,-7.5,59,40.2,29,,2.4,9.2,290,205.4,65.04,375.31,5.6
143,대구,Mar-20,9.5,15.8,3.6,25.4,-2.9,61,24.5,10,,2.5,10.6,290,246.1,66.21,540.59,11.3
143,대구,Apr-20,12.6,19,6.5,28,1.3,53,32.4,19,4.5,2.9,9.9,290,273.7,69.48,647.86,16.4
143,대구,May-20,19.4,25.7,14,31.3,9.1,64,38.1,16.5,3.5,2.5,8.6,110,241.7,55.36,661.45,24.2
143,대구,Jun-20,24.5,30.5,19.3,37,15,63,185.3,51,28.5,2.2,7.5,140,226.4,51.8,632.61,29.3
143,대구,Jul-20,23.2,26.8,20.2,32.8,16.8,79,330.5,63.1,25.9,2.2,8.5,140,96.7,21.78,421.05,25.6
143,대구,Aug-20,28.6,33.3,24.8,36.3,22.5,71,322.7,168.2,28.3,1.9,6.9,140,193.5,46.29,534.44,32.7
143,대구,Sep-20,21.2,26,17.1,30.8,11.7,73,161,44.8,15.6,2,11.3,140,150.1,40.34,409.03,23.5
143,대구,Oct-20,15.4,21.3,10.1,27.3,5.3,64,13.1,12,4,2,8.2,290,223,63.82,442.4,18.4
143,대구,Nov-20,9.7,15.3,4.5,25.3,-0.8,59,23.9,19,,2.2,9,290,198.5,64.32,320.68,10.2
143,대구,Dec-20,1.6,7.2,-3.1,12.6,-10.3,54,2.8,1.3,,2.5,9.7,290,214.3,70.75,304.57,2.1
143,대구,Jan-21,0.5,5.9,-4.3,16.1,-13.6,58,11.9,10.3,,2.5,10.4,290,203.1,65.2,315.94,0.9
143,대구,Feb-21,4.8,11.1,-0.6,24.4,-8.5,59,19.2,9.5,,2.7,10.6,290,207.8,68.11,372.05,5
143,대구,Mar-21,10.2,16.1,4.7,23.9,-1.5,69,95.2,35.5,,2.4,8.7,110,204,54.94,489.34,11.1
143,대구,Apr-21,14.5,20.6,8.8,29.5,2.5,61,43,19.3,7.2,2.9,8.9,110,247,62.75,616.96,18.1
143,대구,May-21,18.3,24.3,12.8,30.8,7.1,62,90.9,24.7,11.7,2.5,8.9,140,209.9,48.12,598.19,21.5
143,대구,Jun-21,23.2,28.5,18.9,33.9,13.7,64,55.1,17.5,12,2.3,7.3,140,185.4,42.44,594.91,26.9
143,대구,Jul-21,26.9,32.1,22.9,37.2,19.6,69,153.3,39.7,15.4,2.1,6.7,140,216.1,48.67,608.97,30.6
143,대구,Aug-21,25.7,30.5,22.4,37,19.7,74,256.3,69,29.8,1.6,7,140,130.7,31.24,453.3,28.1
143,대구,Sep-21,22.1,26.4,18.7,30.9,15.1,76,84.1,40.7,17.6,2,7.6,110,128.4,34.5,402.76,24.3
143,대구,Oct-21,16.5,22.7,11.5,31.8,2,72,57.8,23.1,7.4,1.5,6.8,140,217.6,62.22,425.96,18.5
143,대구,Nov-21,9.5,15.7,4.4,20.8,-2.2,64,43.1,26.8,,2,10.3,290,208.6,67.55,320.4,9.3
143,대구,Dec-21,3.1,8.9,-2.1,14.9,-10.8,57,0.1,0.1,,2.5,10.6,290,222.1,73.3,308.9,2.8
143,대구,Jan-22,0.9,6.8,-4.1,12.8,-8.8,47,0,0,,2.3,9.3,290,231.4,74.29,350.35,1.4
143,대구,Feb-22,1.6,7.4,-3.4,15.1,-9.3,44,0.1,0.1,,3.1,9.5,290,240.4,78.85,416.9,3.3
143,대구,Mar-22,9.7,15.9,3.8,23.3,-2.2,58,34.3,11.7,,2.4,9.6,290,206.4,55.62,479.66,11.3
143,대구,Apr-22,15.9,22.7,9.4,30.2,1.2,55,38.5,20.3,9.3,2.2,8.5,110,253.3,64.4,614.53,19.7
143,대구,May-22,20.7,27.4,14.1,33.2,6.5,50,4.2,2.6,1.6,2.5,9.1,290,313.3,71.84,774.85,27
143,대구,Jun-22,24.3,29.7,19.8,37.1,13.3,71,81.8,32.4,16.2,2.4,7.9,110,205.9,47.13,603.39,29.1
143,대구,Jul-22,27.5,32.4,23.7,36.8,21.4,77,88.8,34,12.8,2.3,6.2,110,180.5,40.62,569.6,31.2
143,대구,Aug-22,26.9,31.4,23.4,37.8,16.2,81,143.3,39.8,19.8,1.7,7.4,110,139.1,33.24,449.78,30.3
143,대구,Sep-22,21.9,26.8,17.7,33.2,11.6,80,114.2,81.1,15.6,2.3,9.4,110,168.4,45.2,453.26,26
146,전주,Sep-16,22.6,27.3,19,32.5,13.9,79,145.4,95.2,13.3,1.4,6.4,140,139.3,37.44,408.23,25.9
146,전주,Oct-16,16.5,21.1,12.8,29.8,3.3,78,152.3,47.5,16,1.4,7.1,140,114.3,32.72,312.26,18.5
146,전주,Nov-16,8.6,13.5,4.2,21.1,-2.1,69,37.5,12.7,,1.7,6.2,140,166,53.74,286.94,10.2
146,전주,Dec-16,3.8,8.5,-0.4,16.9,-6.5,70,46.8,13.8,,1.8,8.1,140,155.7,51.32,248.23,4.4
146,전주,Jan-17,0.8,5.6,-3.4,13.7,-9.7,67,13.4,7.5,,1.8,8.6,140,181.9,58.36,299.09,1.7
146,전주,Feb-17,1.9,7.3,-2.6,15.7,-6.5,62,52.6,21.9,,2.1,8,270,200.4,65.66,372.63,2.7
146,전주,Mar-17,6.5,12.8,1.5,19.3,-3,60,24.1,6.7,,2,8,270,231.6,62.39,527.55,7.9
146,전주,Apr-17,14,20.7,8.5,28.7,1.6,63,57.8,18.2,5.7,2,8.8,270,247.6,62.92,607.56,15.9
146,전주,May-17,18.8,25.4,13.1,30.3,9.7,64,51.5,19,9.5,1.8,9.9,270,279.8,64.16,705.07,23.9
146,전주,Jun-17,22.3,28,17.6,33,11.5,70,100,66.3,22.8,1.7,6.2,270,234.4,53.65,666.89,29.9
146,전주,Jul-17,27.1,31,24.3,34.3,21.6,88,216.4,58.5,23.5,1.3,8.9,140,115.7,26.06,480.69,31.1
146,전주,Aug-17,26.2,30.5,22.6,35.1,16.3,80,272.3,79.1,55.7,1.3,7.8,140,187.5,44.84,533.35,29.7
146,전주,Sep-17,21.4,26.7,16.9,30.7,10.9,77,91.9,39.1,12.3,1.4,5.3,140,207.7,55.79,493.74,23.6
146,전주,Oct-17,16,21.4,11.7,28,2.4,77,28.2,13.5,4.5,1.4,7.2,140,185,52.9,383.9,17.6
146,전주,Nov-17,7.5,12.9,2.7,22.1,-3.1,68,3.1,2.6,,1.7,7.6,140,194.5,62.94,300.38,8.7
146,전주,Dec-17,1,5.3,-3,14.1,-9.4,64,36.5,22.7,,1.8,6.6,140,161.9,53.38,259.31,1.5
146,전주,Jan-18,-1.5,2.8,-5.2,10.1,-15,68,28.4,6.7,,1.7,7,340,178.3,57.22,288.19,0.4
146,전주,Feb-18,0.4,6.2,-4.3,14.7,-11.6,54,21.5,19.8,,1.9,7.9,320,197.3,64.71,369.12,1.2
146,전주,Mar-18,9,15.3,3.7,24.6,-4.8,74,98,20.6,,1.9,7.5,140,209.4,56.43,487.52,9.6
146,전주,Apr-18,14,20.3,8.7,28.4,0,69,98.7,24.1,5.3,2,8.4,270,219.8,55.93,568.67,15
146,전주,May-18,18.9,24.7,13.8,30.3,7.8,77,122.1,35.2,16.2,1.8,7.9,140,204.9,47,606,21.9
146,전주,Jun-18,23.1,29,18.7,34.8,15.2,79,137.2,75.6,26.6,1.5,5.4,140,206.4,47.25,626.09,29
146,전주,Jul-18,27.8,32.7,23.9,36.8,18.3,84,169.1,107.4,26.7,1.5,5.6,270,256.6,57.75,682.56,34
146,전주,Aug-18,28.6,33.7,24.7,38.9,19.8,81,368.9,99.2,42,1.8,6.3,140,225.2,53.82,583.99,35.5
146,전주,Sep-18,21.7,26.6,17.6,31,10.4,81,101.8,56.9,26.6,1.5,6.4,140,180.3,48.39,472.4,23.6
146,전주,Oct-18,13.9,19.3,9.2,26.7,4.4,78,123.2,68.5,12,1.7,8.3,140,221,63.11,432.22,16.7
146,전주,Nov-18,9.2,14.5,4.7,19.5,-0.6,76,35,27.4,,1.4,8.1,140,187.4,60.65,298.67,10.6
146,전주,Dec-18,2,6.4,-2.1,19.6,-9.6,68,28.6,15.3,,1.6,6.9,340,175,57.7,263.87,3
146,전주,Jan-19,0.6,5.4,-3.8,9,-7.4,68,13.2,6.6,,1.6,6.8,140,198,63.56,309.2,0.7
146,전주,Feb-19,2.6,7.9,-1.8,15,-6.4,66,39.1,20,,1.7,6,320,169.2,55.51,341.34,3.1
146,전주,Mar-19,7.7,14.2,2.5,22.7,-1.7,67,33.1,13.2,,2.1,8.4,270,206.8,55.77,487.53,8.4
146,전주,Apr-19,12.6,18.6,7.5,29,0.1,70,98.5,33.3,9.5,1.6,6.4,270,189.3,48.18,511.84,14.6
146,전주,May-19,18.9,25.9,12.8,32.4,5.6,63,45.6,20,6.3,1.9,7,140,292.6,67.14,765.48,23.5
146,전주,Jun-19,21.9,27.2,17.8,32.9,12.7,83,89.1,46.1,20.7,1.5,5.3,270,205.5,47.06,619.46,27.2
146,전주,Jul-19,25.6,29.9,22.3,34,18.9,88,176.2,44,29.5,1.5,5.2,140,148.7,33.46,518.47,29.9
146,전주,Aug-19,26.8,31.4,23.3,35.1,19.1,88,117.7,30.8,16.7,1.5,6,140,206.1,49.24,566.26,29
146,전주,Sep-19,22.7,27.3,19,31.8,12.6,89,194.8,70,15.2,1.4,9.3,140,148.4,39.79,419.23,25.4
146,전주,Oct-19,16.6,21.9,12.4,27.9,6.3,80,73,55.2,7.9,1.4,6.5,140,202.4,57.78,415.98,18.5
146,전주,Nov-19,9.8,15.8,4.9,21.8,-1.5,65,57,32.8,,1.6,7.1,140,184.4,59.66,315.87,10.7
146,전주,Dec-19,4,8.8,-0.1,17.1,-7.5,62,31.6,12.9,,1.6,6.2,320,167.9,55.38,259,4.4
146,전주,Jan-20,3.5,8,-0.1,16.4,-6.4,69,76.8,50.2,,1.5,9.1,320,122.2,39.27,242.36,3.8
146,전주,Feb-20,4.2,9.4,-0.3,18.7,-9.2,67,65.9,32.4,,1.7,7.1,140,185.3,58.66,349.97,5.4
146,전주,Mar-20,8.4,14.8,3,23.7,-3,59,25.4,13.7,,2,9.6,270,246,66.16,547.11,10.1
146,전주,Apr-20,10.9,17.7,5.2,27.1,0.3,55,23,15.5,3.9,2.2,9.7,270,281.6,71.49,680.76,14.3
146,전주,May-20,18.6,24.2,13.7,29.2,9.2,70,79,21.8,7.1,1.7,7.2,140,213.9,49.03,619.71,22
146,전주,Jun-20,23.4,28.7,19.5,35.1,13.5,74,187.5,90.6,19.6,1.5,6.6,270,177.6,40.65,533.34,27
146,전주,Jul-20,23.5,27.3,20.8,31.7,17.7,84,644.7,114.6,61.8,1.3,7,140,83.1,18.72,375.61,25.5
146,전주,Aug-20,27.7,32,24.6,34.6,22.7,79,471.5,192.8,31,1.5,6.9,140,173.7,41.56,466.92,29.4
146,전주,Sep-20,21.3,26.5,17.6,31.8,13.1,76,135.2,49.9,13.6,1.7,9.3,140,170.7,45.87,419.43,23.9
146,전주,Oct-20,14.9,20.9,9.8,26.1,4.7,65,4.2,1.9,1.3,1.3,5.9,140,226.8,64.93,422.25,19.1
146,전주,Nov-20,9.6,14.7,5.1,24.1,0.5,64,58.5,35.2,,1.6,6.9,140,179.8,58.21,277.42,10.2
146,전주,Dec-20,1.7,6.5,-2.3,13.9,-10,62,9.1,3.2,,1.6,7.1,140,178.5,58.83,258.47,2.1
146,전주,Jan-21,0.5,5.5,-4.1,14.4,-16.5,65,28.7,8.3,,1.6,8.8,140,174.2,55.89,270.69,1.8
146,전주,Feb-21,4.3,10,-0.7,22.9,-8.6,58,13.7,4.3,,1.8,8.4,140,187.7,61.5,337.04,4.4
146,전주,Mar-21,9.5,15.8,4.5,23.7,-0.9,68,95.7,42.5,,1.7,7.6,270,194.8,52.46,450.85,10.3
146,전주,Apr-21,14.4,20.9,9,28.6,2.4,55,34.9,15,3.4,1.9,7.5,270,235.1,59.75,576.5,15.5
146,전주,May-21,17.7,23.3,12.6,30.8,6.4,68,182.2,62.7,34.2,1.9,7.5,270,198.8,45.58,538.96,19.6
146,전주,Jun-21,23,28.3,18.9,33.6,14.2,72,145.3,44,42.8,1.4,5.5,140,199.8,45.73,571.52,25.8
146,전주,Jul-21,27.2,32.1,23.5,36.3,20.5,75,255.1,88.7,24.6,1.3,5.2,110,194.2,43.75,554.76,29.6
146,전주,Aug-21,25.9,30.5,22.4,34.6,19.4,78,454.8,70.6,41.4,1.4,7.3,140,168.6,40.32,469.92,28.1
146,전주,Sep-21,22.9,27.4,19.2,30.2,15.8,75,162.1,41.2,28.4,1.4,6.1,110,155.2,41.69,407.92,24.7
146,전주,Oct-21,16.4,22.2,11.6,31.5,2.1,71,37,9.1,5.1,1.4,6.2,110,219.7,62.83,409.05,18.7
146,전주,Nov-21,9.7,15,5.2,23.8,0.7,71,81.1,26,,1.6,8.1,140,174.1,56.34,272.18,10.6
146,전주,Dec-21,3.3,8.2,-1,14.3,-10.7,65,6,2.3,,1.7,7.5,140,166.4,56.7,239.26,3.3
146,전주,Jan-22,0.1,5,-4.3,9.9,-8.9,60,2.1,0.4,,1.4,6.8,320,198.5,63.7,298.1,0.4
146,전주,Feb-22,0.6,6.2,-4,15,-8.8,57,2.5,0.8,,2,6.9,270,209.6,68.74,371.59,2.5
146,전주,Mar-22,8.5,14.7,3.3,22.2,-2.9,65,93,24.1,,1.9,7.8,270,172.7,46.54,406.05,9.8
146,전주,Apr-22,14.5,21.3,9,27.6,1.4,59,85,30.3,9.1,1.7,6.5,270,258.1,65.67,604.45,17.3
146,전주,May-22,18.7,25.3,12.9,31.3,6,56,6.8,3.5,3.1,1.7,6.1,270,295.5,67.78,727.04,22.9
146,전주,Jun-22,23.7,28.8,19.8,33,14.2,73,164.2,59.2,23.4,1.6,6.9,160,180.6,41.35,530.29,27.7
146,전주,Jul-22,27,31.1,23.7,35.6,21.2,78,184,80,26.7,1.6,6.4,140,174.7,39.33,510.14,29.9
146,전주,Aug-22,26.3,30.1,23.4,34.7,16.2,79,311.3,116.2,52,1.5,6,230,128.3,30.66,420.24,28.5
146,전주,Sep-22,22.6,27.8,18.1,33.3,12.5,70,64.5,32.9,12,1.5,8.8,110,183,49.11,467.82,25
295,남해,Sep-16,22.4,26.2,19.8,30.6,15.8,85,588.8,267.5,55.5,1.2,4.1,360,110.1,29.6,,23.8
295,남해,Oct-16,17.4,21.3,14.6,29,8.2,79,269.2,182,71,1.2,7.3,250,116.6,33.27,,18.6
295,남해,Nov-16,10.4,15.2,6.1,20.6,-0.4,69,91.7,52.5,,1.1,4.1,270,165.5,53.25,,10.8
295,남해,Dec-16,5.6,10.4,1.1,20.5,-4.4,64,145.5,84.5,,1.2,5.5,250,180.3,58.94,,5
295,남해,Jan-17,2.8,7.8,-1.7,15.1,-9.1,59,14.7,7,,1.3,5.2,250,201.8,64.25,,2.8
295,남해,Feb-17,4.3,9.7,-1.2,15.5,-5.9,54,56,41,,1.5,5,290,208.5,68,,4.8
295,남해,Mar-17,8.1,13.8,3.1,19,-1.9,58,27.1,6.5,,1.3,5.2,250,221.3,59.54,,10.5
295,남해,Apr-17,15.4,21.3,10.2,28.1,3.3,61,140.5,67,15,1.6,5.1,270,234,59.65,,17.5
295,남해,May-17,19.8,26.2,14.4,34.1,11.2,61,47.8,24.5,4.5,1.4,5.1,250,285.4,65.79,,23.5
295,남해,Jun-17,22.2,27.9,17.7,32.4,14.1,70,80.6,27,14,1.3,4.4,250,230.7,53.16,,27.2
295,남해,Jul-17,27.3,31.9,23.9,35.9,20.6,83,133.8,40.5,19,1.2,4,250,171.3,38.81,,30.5
295,남해,Aug-17,27.1,31.7,23.7,36.9,17.4,78,272.3,104,47.5,1.3,4.3,250,226.6,54.38,,31.2
295,남해,Sep-17,21.9,27,17.9,29.7,12,74,169.8,79,21,1.3,5.4,250,187.1,50.3,,24.8
295,남해,Oct-17,17.2,22,13.8,28.6,4.3,75,186.5,70,25,1.3,5,250,165.4,47.16,,18.7
295,남해,Nov-17,9.9,15.6,4.8,22.6,-2.1,62,0.5,0.5,,1.2,5.3,250,213.4,68.62,,10.7
295,남해,Dec-17,2.6,7.6,-2.3,13,-6.2,56,28.2,22,,1.3,5.1,250,214.4,70.09,,1.7
295,남해,Jan-18,0.9,5.7,-3.1,13.8,-9.9,56,29.1,20,,1.2,5,290,199.3,63.47,,1.1
295,남해,Feb-18,2.9,8.1,-2,15.4,-9.2,47,49,49,,1.3,5,250,194.1,63.37,,4
295,남해,Mar-18,9.3,15.2,3.8,23.1,-2.1,71,294,109,,1.3,6,250,206.4,55.62,,10.9
295,남해,Apr-18,14.4,20.1,9,27.2,1.7,67,181.1,69.5,12.5,1.5,5.4,250,221.2,56.41,,17.5
295,남해,May-18,18.8,23.9,14.4,28.9,9.2,72,188.4,74,14.5,1.5,6.2,250,190.7,43.97,,21.3
295,남해,Jun-18,22.4,27.4,18.4,34.1,14.9,75,332,179.5,45.5,1.3,6.1,250,205,47.24,,26
295,남해,Jul-18,27.1,32,23.4,36.8,18.7,79,201,66.5,25,1.2,4.6,250,252.6,57.2,,31.1
295,남해,Aug-18,28,32.8,24.5,36.6,20.1,76,173.6,61.5,40,1.5,6.3,250,217.6,52.19,,33.1
295,남해,Sep-18,21.5,25.6,18.2,31.4,12.1,79,346.5,90,22.5,1.3,5.8,250,135.6,36.41,,22.8
295,남해,Oct-18,15.2,20.6,10.7,26.6,5.4,68,315.8,225.5,46.5,1.4,6.5,250,226.1,64.45,,16.8
295,남해,Nov-18,10.5,15.8,6.2,20.1,0.5,69,42.5,26.5,,1,5.5,250,190.4,61.16,,10.6
295,남해,Dec-18,4.4,8.7,0.3,16.3,-6.8,59,50.6,22.5,,1.1,4.5,250,168.8,55.18,,4.5
295,남해,Jan-19,2.9,8.5,-1.8,12,-5.4,53,19.1,14,,1.1,5.6,250,210.4,67.03,,3.2
295,남해,Feb-19,5.1,10.5,0.4,16.3,-4.8,55,59.3,42.4,,1.1,4.5,250,186.6,60.98,,6.3
295,남해,Mar-19,9.8,15.4,4.6,21.4,-0.5,57,79.2,42,,1.5,5.2,250,232.8,62.77,,11.6
295,남해,Apr-19,13.4,18.8,8.5,25.1,1.5,64,130.4,43.5,13,1.3,4.6,250,199.3,50.88,,15.9
295,남해,May-19,19.6,26.1,13.5,31.5,8.5,56,207.8,109,25,1.4,5.7,250,296.3,68.37,,21.4
295,남해,Jun-19,21.8,27,17.8,32.1,14,76,442.1,179.5,37,1.2,3.9,250,228.3,52.62,,25.6
295,남해,Jul-19,25.1,28.9,22.2,32.8,18.7,82,438.9,185,22,1.3,6.1,250,180,40.74,,27.6
295,남해,Aug-19,27,31.5,23.5,35.2,18.6,77,77.1,25.5,8,1.3,4.4,250,210.7,50.5,,30.5
295,남해,Sep-19,22.7,26.9,19.8,31,14.4,83,405,141.5,27.5,1.2,6.7,250,120.1,32.23,,24
295,남해,Oct-19,17.6,22.6,13.8,28.5,7.3,72,251.7,172,39,1.3,5.6,250,216.6,61.66,,19
295,남해,Nov-19,11.7,17.4,7.3,22.9,1,66,26.1,14,,1.3,5,250,198.9,63.85,,11.8
295,남해,Dec-19,5.3,10.4,1,16.6,-4.7,63,35,25,,1.1,4.5,250,183,59.82,,4.3
295,남해,Jan-20,4.9,9.5,1.3,18.6,-5.5,64,154.1,59,,1.1,5.2,250,155.5,49.57,,4.3
295,남해,Feb-20,6,11.3,1.3,18.4,-5.3,62,88.5,54,,1.2,5.6,250,200.5,63.23,,7.1
295,남해,Mar-20,9.8,15.5,4.5,21.2,-1.5,60,70,41.5,,1.5,6.7,250,239.3,64.36,,12.5
295,남해,Apr-20,12.5,18.4,7,23.4,2.6,52,93.8,39,8,1.7,6.5,250,278.3,70.92,,15.6
295,남해,May-20,18.2,23.2,13.9,27.7,9.6,73,184.1,81.4,14.3,1.4,6.4,270,203.4,46.86,,21.4
295,남해,Jun-20,22.7,27.7,18.6,31.5,14.2,77,364.6,91.9,33.4,1.3,7.5,250,212.7,49,,26.9
295,남해,Jul-20,22.6,26.1,20.2,31.6,18,89,687,146.4,33.9,1,4.7,250,84.2,19.08,,25.2
295,남해,Aug-20,27.2,31,24.4,34.6,22.5,85,196,51.4,22.9,1.5,8.2,200,175.8,42.24,,29.6
295,남해,Sep-20,21.1,25,18,29.7,13.3,81,313.2,125.4,44.7,1.6,10.5,250,151.5,40.76,,23.3
295,남해,Oct-20,15.9,21,12.1,25.7,6.5,66,28.9,25.3,4.7,1.4,5.8,250,227.9,65.04,,18.5
295,남해,Nov-20,11,15.7,6.6,23.2,0.2,64,62.8,59.6,,1.5,6.3,250,176.6,56.82,,11.7
295,남해,Dec-20,3.3,8.3,-1.1,12.3,-7.4,59,15,7.8,,1.5,7.3,250,181.5,59.33,,3.5
295,남해,Jan-21,2.3,7.1,-2.2,15.6,-11.5,63,21.2,12.3,,1.4,9.2,250,179.4,57.12,,3
295,남해,Feb-21,6.1,11.3,1.1,22.1,-5.1,57,50.4,28.1,,1.7,8.2,250,179.1,58.41,,6.4
295,남해,Mar-21,10.6,15.8,6,22,0.8,69,234.4,80.6,,1.5,7.1,250,207.4,55.8,,11.9
295,남해,Apr-21,14.3,20,9.3,25,4.5,59,119.7,57.8,12.5,1.7,8,250,242.8,61.89,,17.4
295,남해,May-21,18.3,23.1,13.7,28.3,7.7,67,170.6,70,23.9,1.7,7.4,270,217,50.01,,21.4
295,남해,Jun-21,22.1,26.6,18.4,29.7,14.5,77,140.3,56.6,31.5,1.2,4.4,250,209.9,48.36,,25.8
295,남해,Jul-21,26.1,30.3,22.9,33,19.3,83,507.5,269,49.5,1.3,6.4,250,198.4,44.95,,30.9
295,남해,Aug-21,26.1,30.3,23,35.5,20.7,82,473.2,185.7,73.5,1.3,7.2,250,174.5,41.89,,30.5
295,남해,Sep-21,22.2,25.7,19.5,30.1,16.3,82,164.6,56.2,26.4,1.5,5.5,360,95.2,25.6,,23.8
295,남해,Oct-21,17.2,22.3,13.5,28.9,4.7,74,43.6,18.2,11.4,1.3,4.9,250,203.2,57.94,,18.8
295,남해,Nov-21,10.7,16.1,6.6,21.7,1.4,67,53.5,31.3,,1.6,7.5,250,178.9,57.54,,10.7
295,남해,Dec-21,4.9,9.6,0.2,14.9,-8,60,2.4,2.4,,1.8,7.8,250,184,60.17,,4.7
295,남해,Jan-22,2.4,7.6,-2,11,-7.7,51,0,0,,1.4,7.5,250,202.8,64.59,,3.3
295,남해,Feb-22,2.8,8,-2.2,14.1,-7.7,46,0,0,,2,6.9,290,210.8,68.82,,5.4
295,남해,Mar-22,9.7,15.3,4.7,21.4,-1,64,169.2,99.8,,1.6,8.2,250,188.5,50.77,,11.7
295,남해,Apr-22,14.9,20.4,10,27.2,5,63,142.1,72.8,29,1.5,5.9,250,231.5,59.03,,18.6
295,남해,May-22,19.1,24.9,13.7,30.8,7.9,56,6.7,6,6,1.4,6.8,250,283,67.43,,25.8
295,남해,Jun-22,22.3,26.2,19.2,30.6,15.1,80,137.1,47.7,17.1,1.6,6,200,159.1,36.66,,26.6
295,남해,Jul-22,26.4,30.3,23.2,33,20.4,81,236.5,77.5,31.4,1.3,7,250,183.5,41.55,,29.3
295,남해,Aug-22,26.3,29.7,23.3,34.1,17.3,81,235,64.3,28.4,1.4,6.7,250,141.1,33.85,,28.5
295,남해,Sep-22,22.1,26.3,18.9,32.6,13.4,76,328.8,192.6,63.3,1.5,8.6,250,147.8,39.7,,25.2
146,전주,Sep-14,21.9,28,16.9,31.5,13,74,88.1,47.5,11,1.2,5.9,160,190.9,51.23,457.46,24.6
146,전주,Oct-14,15.9,22.8,10.1,30,3.3,69,101.1,36,8.5,1.2,5,160,228,65.11,432.71,18
146,전주,Nov-14,9.3,14.9,4.7,19,-1.4,73,75,42,,1.1,6.2,160,159.7,51.68,263.14,10.4
146,전주,Dec-14,0.2,4.9,-3.9,10.7,-8.7,71,51.3,11,,1.4,7.1,320,143.7,47.38,222.33,2.7
146,전주,Jan-15,1,5.9,-3.2,13.2,-9,67,41.5,15,,1.3,5.7,320,153.5,49.28,249.98,2.7
146,전주,Feb-15,2.5,7.7,-1.8,13.3,-10.1,62,15.8,7,,1.6,5.6,270,153.3,50.3,290.5,4.8
146,전주,Mar-15,7.2,14.3,1,23.4,-5.7,51,30.5,26,,1.6,6.2,270,242.7,65.47,519.74,11.2
146,전주,Apr-15,13.9,20.5,8.5,27.2,2.7,64,93.3,20.5,8,1.6,6.8,160,172.7,43.96,457.85,16.6
146,전주,May-15,19.2,26.6,12.5,33.2,4.9,55,40.6,16.5,5,1.7,9.2,270,276.5,63.48,702.9,24
146,전주,Jun-15,22.7,28.4,18.2,33.6,12.7,70,124.7,36.1,21.5,1.5,6.9,270,176.9,40.51,529.59,26.8
146,전주,Jul-15,25.1,29.2,21.9,34.2,17,83,121.9,29.5,8.9,1.7,8,140,157.5,35.45,530.45,27.3
146,전주,Aug-15,25.9,30.5,22.1,35.3,19.3,79,49,12.1,7.3,1.6,8.4,140,198.2,47.34,563.97,29.6
146,전주,Sep-15,21.6,27.1,16.8,31.7,13.7,72,36.7,23.5,20.9,1.6,5.6,140,224.2,60.11,524.08,25.6
146,전주,Oct-15,16.1,21.8,11.4,26.1,2.1,74,98.1,43.5,13.4,1.7,8.8,140,231.7,66.14,438.84,18
146,전주,Nov-15,10.9,14.6,7.8,21.4,-2.1,84,102.8,26.2,,1.4,6.6,140,73.8,23.88,176.39,11.5
146,전주,Dec-15,4.4,8.2,0.9,14.1,-4.8,75,58.6,17.2,,1.6,9.6,140,131.8,43.47,215.47,4
146,전주,Jan-16,-0.2,3.4,-3.4,14,-13,72,25.2,8.3,,1.7,7.6,140,140.7,45.21,239.54,1.3
146,전주,Feb-16,2.5,7.2,-1.8,21.9,-7.9,64,31.6,11.6,,2.4,9.2,140,183.2,57.99,344.37,2.4
146,전주,Mar-16,7.6,13.9,2.6,22.9,-6.1,62,67,54.3,,1.9,7.5,140,222.9,59.95,519,8
146,전주,Apr-16,14.6,21.3,9.7,26.4,5.2,69,144.2,29,10.1,1.9,13.5,270,186.1,47.26,526.14,16.1
146,전주,May-16,19.2,25.7,13.6,30.1,9.6,67,84.3,22.9,7.2,2.1,10.2,140,277.9,63.69,709.69,21.8
146,전주,Jun-16,22.8,27.8,19.1,31.3,15.7,80,95.8,38,38,1.6,8.2,270,171.5,39.25,557.71,25.9
146,전주,Jul-16,26.5,31,23.2,34.5,20.4,83,251.8,57.4,27.2,1.7,6.8,140,184.7,41.61,564.96,30.7
146,전주,Aug-16,27.4,32.3,23.5,36.2,16.2,76,35.8,16.5,16.5,1.7,9.2,140,227.8,54.5,601.61,33.5
